{
  "dataset_rows": 137721,
  "test_rows": 27545,
  "accuracy": 0.9759666001089127,
  "roc_auc": 0.9972063271345072,
  "class_balance": {
    "1": 72289,
    "0": 65432
  }
}